{
  "dataset": "beauty",
  "fusion": "weighted",
  "alpha": 0.7,
  "k": 10,
  "items_total": 85,
  "image_nonzero": 58,
  "image_coverage": 0.6823529411764706,
  "Dt_text": 384,
  "Di_image": 512,
  "Df_fused": 896,
  "metrics": {
    "hit@10": 0.47560975609756095,
    "ndcg@10": 0.2890295538152628
  }
}