{
  "dataset": "beauty",
  "fusion": "concat+meta",
  "alpha": null,
  "k": 10,
  "items_total": 85,
  "image_nonzero": 58,
  "image_coverage": 0.6823529601097107,
  "meta_nonzero": 79,
  "meta_coverage": 0.929411768913269,
  "Dt_text": 384,
  "Di_image": 512,
  "Dm_meta": 80,
  "Df_fused": 976,
  "metrics": {
    "hit@10": 0.4532520325203252,
    "ndcg@10": 0.16553889535858238
  }
}