{
  "items": 85,
  "brand_cov": 0.9176470588235294,
  "cat_cov": 0.0,
  "price_cov": 0.5176470588235295,
  "dim": 80
}