{
  "hit@10": 0.47560975609756095,
  "ndcg@10": 0.2890295538152628
}