{
  "hit@10": 0.4532520325203252,
  "ndcg@10": 0.16553889535858238
}