{
  "hit@10": 0.4949186991869919,
  "ndcg@10": 0.29769705658879625
}